{
  "feature_names": [
    "rmsd",
    "delta_sasa",
    "delta_hbond_count",
    "blosum62",
    "delta_hydrophobicity",
    "conservation_score",
    "charge_change",
    "solvent_accessibility",
    "size_change",
    "polarity_change",
    "aromatic_change",
    "buried_score",
    "structure_impact",
    "experimental_ddg"
  ],
  "label_encoder_classes": [
    "Harmful",
    "Neutral"
  ],
  "scaler_mean": [
    0.722,
    -6.666666666666667,
    -1.1333333333333333,
    -0.4666666666666667,
    0.4933333333333333,
    0.7119999999999999,
    0.4666666666666667,
    0.42999999999999994,
    -0.06666666666666667,
    -0.13333333333333333,
    0.13333333333333333,
    0.4,
    0.6,
    1.07
  ],
  "scaler_scale": [
    0.56211742545486,
    8.571166133548509,
    1.203698005684519,
    2.0612833111653743,
    0.9712306054119632,
    0.19370768355092852,
    0.8055363982396382,
    0.23720595832876262,
    2.669997919266771,
    0.339934634239519,
    0.49888765156985887,
    0.48989794855663565,
    0.48989794855663565,
    0.6811265178609135
  ],
  "results": {
    "random_forest": {
      "accuracy": 1.0,
      "cv_mean": 0.9333333333333332,
      "cv_std": 0.13333333333333336
    },
    "gradient_boosting": {
      "accuracy": 1.0,
      "cv_mean": 0.9333333333333332,
      "cv_std": 0.13333333333333336
    },
    "extra_trees": {
      "accuracy": 1.0,
      "cv_mean": 0.9333333333333332,
      "cv_std": 0.13333333333333336
    },
    "xgboost": {
      "accuracy": 1.0,
      "cv_mean": 0.8666666666666666,
      "cv_std": 0.16329931618554522
    },
    "lightgbm": {
      "accuracy": 0.6666666666666666,
      "cv_mean": 0.6666666666666666,
      "cv_std": 0.0
    },
    "svm": {
      "accuracy": 1.0,
      "cv_mean": 0.8666666666666666,
      "cv_std": 0.16329931618554522
    },
    "neural_network": {
      "accuracy": 1.0,
      "cv_mean": 0.9333333333333332,
      "cv_std": 0.13333333333333336
    },
    "logistic_regression": {
      "accuracy": 1.0,
      "cv_mean": 0.9333333333333332,
      "cv_std": 0.13333333333333336
    },
    "ensemble": {
      "accuracy": 1.0,
      "cv_mean": 0.9333333333333332,
      "cv_std": 0.13333333333333336
    }
  },
  "best_model": "random_forest"
}